{
  "webstaurantstore - 011 - /outlet.html?category=8159" : {
    "transaction" : "webstaurantstore - 011 - /outlet.html?category=8159",
    "sampleCount" : 75,
    "errorCount" : 0,
    "errorPct" : 0.0,
    "meanResTime" : 446.03999999999996,
    "medianResTime" : 426.0,
    "minResTime" : 328.0,
    "maxResTime" : 835.0,
    "pct1ResTime" : 599.2,
    "pct2ResTime" : 617.4,
    "pct3ResTime" : 835.0,
    "throughput" : 0.08397762835980495,
    "receivedKBytesPerSec" : 5.636918481166617,
    "sentKBytesPerSec" : 0.07995916762774397
  },
  "webstaurantstore - 014 - /outlet.html?category=48565" : {
    "transaction" : "webstaurantstore - 014 - /outlet.html?category=48565",
    "sampleCount" : 75,
    "errorCount" : 0,
    "errorPct" : 0.0,
    "meanResTime" : 253.0933333333333,
    "medianResTime" : 248.0,
    "minResTime" : 202.0,
    "maxResTime" : 423.0,
    "pct1ResTime" : 308.20000000000005,
    "pct2ResTime" : 376.20000000000005,
    "pct3ResTime" : 423.0,
    "throughput" : 0.08404472524098425,
    "receivedKBytesPerSec" : 3.102878727943863,
    "sentKBytesPerSec" : 0.08010512874531311
  },
  "T00_Outlet Home" : {
    "transaction" : "T00_Outlet Home",
    "sampleCount" : 75,
    "errorCount" : 0,
    "errorPct" : 0.0,
    "meanResTime" : 825.4133333333335,
    "medianResTime" : 747.0,
    "minResTime" : 622.0,
    "maxResTime" : 4773.0,
    "pct1ResTime" : 902.0,
    "pct2ResTime" : 1059.6000000000008,
    "pct3ResTime" : 4773.0,
    "throughput" : 0.08393993929463589,
    "receivedKBytesPerSec" : 9.063983288677285,
    "sentKBytesPerSec" : 0.060249858771052135
  },
  "webstaurantstore - 002 - /outlet.html?category=50415" : {
    "transaction" : "webstaurantstore - 002 - /outlet.html?category=50415",
    "sampleCount" : 75,
    "errorCount" : 0,
    "errorPct" : 0.0,
    "meanResTime" : 370.04,
    "medianResTime" : 344.0,
    "minResTime" : 279.0,
    "maxResTime" : 603.0,
    "pct1ResTime" : 503.80000000000007,
    "pct2ResTime" : 549.2,
    "pct3ResTime" : 603.0,
    "throughput" : 0.08388773807340065,
    "receivedKBytesPerSec" : 4.226409518475995,
    "sentKBytesPerSec" : 0.0862634650305575
  },
  "T03_Commercial Ovens" : {
    "transaction" : "T03_Commercial Ovens",
    "sampleCount" : 75,
    "errorCount" : 0,
    "errorPct" : 0.0,
    "meanResTime" : 390.90666666666675,
    "medianResTime" : 374.0,
    "minResTime" : 291.0,
    "maxResTime" : 859.0,
    "pct1ResTime" : 513.0,
    "pct2ResTime" : 541.0,
    "pct3ResTime" : 859.0,
    "throughput" : 0.08394651599572879,
    "receivedKBytesPerSec" : 4.831137298304504,
    "sentKBytesPerSec" : 0.08632390756201408
  },
  "T05_Merchandising and Display Refrigeration" : {
    "transaction" : "T05_Merchandising and Display Refrigeration",
    "sampleCount" : 75,
    "errorCount" : 0,
    "errorPct" : 0.0,
    "meanResTime" : 400.40000000000015,
    "medianResTime" : 354.0,
    "minResTime" : 252.0,
    "maxResTime" : 2246.0,
    "pct1ResTime" : 488.80000000000007,
    "pct2ResTime" : 564.6000000000008,
    "pct3ResTime" : 2246.0,
    "throughput" : 0.08407722998037077,
    "receivedKBytesPerSec" : 4.280124363535369,
    "sentKBytesPerSec" : 0.08645832340754923
  },
  "T07_Bar Refrigeration" : {
    "transaction" : "T07_Bar Refrigeration",
    "sampleCount" : 75,
    "errorCount" : 0,
    "errorPct" : 0.0,
    "meanResTime" : 364.9866666666666,
    "medianResTime" : 338.0,
    "minResTime" : 259.0,
    "maxResTime" : 958.0,
    "pct1ResTime" : 479.0,
    "pct2ResTime" : 522.8000000000001,
    "pct3ResTime" : 958.0,
    "throughput" : 0.08397349124828274,
    "receivedKBytesPerSec" : 4.090565252860976,
    "sentKBytesPerSec" : 0.08635164676215012
  },
  "T11_Hotel Supplies" : {
    "transaction" : "T11_Hotel Supplies",
    "sampleCount" : 75,
    "errorCount" : 0,
    "errorPct" : 0.0,
    "meanResTime" : 446.03999999999996,
    "medianResTime" : 426.0,
    "minResTime" : 328.0,
    "maxResTime" : 835.0,
    "pct1ResTime" : 599.2,
    "pct2ResTime" : 617.4,
    "pct3ResTime" : 835.0,
    "throughput" : 0.08397762835980495,
    "receivedKBytesPerSec" : 5.636918481166617,
    "sentKBytesPerSec" : 0.07995916762774397
  },
  "webstaurantstore - 013 - /outlet.html?category=56099" : {
    "transaction" : "webstaurantstore - 013 - /outlet.html?category=56099",
    "sampleCount" : 75,
    "errorCount" : 0,
    "errorPct" : 0.0,
    "meanResTime" : 258.5733333333333,
    "medianResTime" : 253.0,
    "minResTime" : 198.0,
    "maxResTime" : 420.0,
    "pct1ResTime" : 326.4000000000001,
    "pct2ResTime" : 375.6,
    "pct3ResTime" : 420.0,
    "throughput" : 0.08398176587899235,
    "receivedKBytesPerSec" : 3.2039054617961344,
    "sentKBytesPerSec" : 0.08004512060341458
  },
  "T04_Beverage Equipment" : {
    "transaction" : "T04_Beverage Equipment",
    "sampleCount" : 75,
    "errorCount" : 0,
    "errorPct" : 0.0,
    "meanResTime" : 407.82666666666677,
    "medianResTime" : 368.0,
    "minResTime" : 291.0,
    "maxResTime" : 2243.0,
    "pct1ResTime" : 537.4,
    "pct2ResTime" : 568.2,
    "pct3ResTime" : 2243.0,
    "throughput" : 0.08404594960156617,
    "receivedKBytesPerSec" : 4.485954748680198,
    "sentKBytesPerSec" : 0.08642615715864177
  },
  "webstaurantstore - 015 - /outlet.html?category=48573" : {
    "transaction" : "webstaurantstore - 015 - /outlet.html?category=48573",
    "sampleCount" : 75,
    "errorCount" : 0,
    "errorPct" : 0.0,
    "meanResTime" : 286.5333333333334,
    "medianResTime" : 257.0,
    "minResTime" : 193.0,
    "maxResTime" : 2129.0,
    "pct1ResTime" : 369.8,
    "pct2ResTime" : 395.80000000000007,
    "pct3ResTime" : 2129.0,
    "throughput" : 0.08403672068547073,
    "receivedKBytesPerSec" : 3.1026630834109272,
    "sentKBytesPerSec" : 0.08009749940333928
  },
  "webstaurantstore - 005 - /outlet.html?category=13387" : {
    "transaction" : "webstaurantstore - 005 - /outlet.html?category=13387",
    "sampleCount" : 75,
    "errorCount" : 0,
    "errorPct" : 0.0,
    "meanResTime" : 400.40000000000015,
    "medianResTime" : 354.0,
    "minResTime" : 252.0,
    "maxResTime" : 2246.0,
    "pct1ResTime" : 488.80000000000007,
    "pct2ResTime" : 564.6000000000008,
    "pct3ResTime" : 2246.0,
    "throughput" : 0.08407713572740175,
    "receivedKBytesPerSec" : 4.280119565394075,
    "sentKBytesPerSec" : 0.08645822648530668
  },
  "T13_Janitorial Equipment" : {
    "transaction" : "T13_Janitorial Equipment",
    "sampleCount" : 75,
    "errorCount" : 0,
    "errorPct" : 0.0,
    "meanResTime" : 258.5733333333333,
    "medianResTime" : 253.0,
    "minResTime" : 198.0,
    "maxResTime" : 420.0,
    "pct1ResTime" : 326.4000000000001,
    "pct2ResTime" : 375.6,
    "pct3ResTime" : 420.0,
    "throughput" : 0.08398176587899235,
    "receivedKBytesPerSec" : 3.2039054617961344,
    "sentKBytesPerSec" : 0.08004512060341458
  },
  "T09_Storage & Workspace" : {
    "transaction" : "T09_Storage & Workspace",
    "sampleCount" : 75,
    "errorCount" : 0,
    "errorPct" : 0.0,
    "meanResTime" : 304.1333333333332,
    "medianResTime" : 295.0,
    "minResTime" : 215.0,
    "maxResTime" : 567.0,
    "pct1ResTime" : 436.4,
    "pct2ResTime" : 458.4,
    "pct3ResTime" : 567.0,
    "throughput" : 0.08404500778256772,
    "receivedKBytesPerSec" : 3.614811897817519,
    "sentKBytesPerSec" : 0.08010539804275986
  },
  "webstaurantstore - 001 - /outlet.html?category=14177" : {
    "transaction" : "webstaurantstore - 001 - /outlet.html?category=14177",
    "sampleCount" : 75,
    "errorCount" : 0,
    "errorPct" : 0.0,
    "meanResTime" : 564.3200000000002,
    "medianResTime" : 533.0,
    "minResTime" : 441.0,
    "maxResTime" : 1630.0,
    "pct1ResTime" : 691.0000000000001,
    "pct2ResTime" : 731.2,
    "pct3ResTime" : 1630.0,
    "throughput" : 0.08402551686896276,
    "receivedKBytesPerSec" : 6.805658773706399,
    "sentKBytesPerSec" : 0.08640514576466582
  },
  "T10_Facility & Maintenance" : {
    "transaction" : "T10_Facility & Maintenance",
    "sampleCount" : 75,
    "errorCount" : 0,
    "errorPct" : 0.0,
    "meanResTime" : 308.9066666666668,
    "medianResTime" : 306.0,
    "minResTime" : 249.0,
    "maxResTime" : 480.0,
    "pct1ResTime" : 356.4000000000001,
    "pct2ResTime" : 452.40000000000003,
    "pct3ResTime" : 480.0,
    "throughput" : 0.08399361648514714,
    "receivedKBytesPerSec" : 3.7404522881261024,
    "sentKBytesPerSec" : 0.08005641571240586
  },
  "T14_Restroom Supplies" : {
    "transaction" : "T14_Restroom Supplies",
    "sampleCount" : 75,
    "errorCount" : 0,
    "errorPct" : 0.0,
    "meanResTime" : 253.0933333333333,
    "medianResTime" : 248.0,
    "minResTime" : 202.0,
    "maxResTime" : 423.0,
    "pct1ResTime" : 308.20000000000005,
    "pct2ResTime" : 376.20000000000005,
    "pct3ResTime" : 423.0,
    "throughput" : 0.08404472524098425,
    "receivedKBytesPerSec" : 3.102878727943863,
    "sentKBytesPerSec" : 0.08010512874531311
  },
  "T02_Commercial Ice Equipment and Supplies" : {
    "transaction" : "T02_Commercial Ice Equipment and Supplies",
    "sampleCount" : 75,
    "errorCount" : 0,
    "errorPct" : 0.0,
    "meanResTime" : 370.04,
    "medianResTime" : 344.0,
    "minResTime" : 279.0,
    "maxResTime" : 603.0,
    "pct1ResTime" : 503.80000000000007,
    "pct2ResTime" : 549.2,
    "pct3ResTime" : 603.0,
    "throughput" : 0.08388783190220692,
    "receivedKBytesPerSec" : 4.226414245733745,
    "sentKBytesPerSec" : 0.08626356151662488
  },
  "T06_Reach-In Refrigerators and Freezers" : {
    "transaction" : "T06_Reach-In Refrigerators and Freezers",
    "sampleCount" : 75,
    "errorCount" : 0,
    "errorPct" : 0.0,
    "meanResTime" : 336.3066666666667,
    "medianResTime" : 320.0,
    "minResTime" : 256.0,
    "maxResTime" : 739.0,
    "pct1ResTime" : 471.6,
    "pct2ResTime" : 485.8,
    "pct3ResTime" : 739.0,
    "throughput" : 0.08399023025641657,
    "receivedKBytesPerSec" : 3.8534892621290293,
    "sentKBytesPerSec" : 0.08636885982422525
  },
  "webstaurantstore - 007 - /outlet.html?category=47651" : {
    "transaction" : "webstaurantstore - 007 - /outlet.html?category=47651",
    "sampleCount" : 75,
    "errorCount" : 0,
    "errorPct" : 0.0,
    "meanResTime" : 364.9866666666666,
    "medianResTime" : 338.0,
    "minResTime" : 259.0,
    "maxResTime" : 958.0,
    "pct1ResTime" : 479.0,
    "pct2ResTime" : 522.8000000000001,
    "pct3ResTime" : 958.0,
    "throughput" : 0.08397358526901778,
    "receivedKBytesPerSec" : 4.090569832853378,
    "sentKBytesPerSec" : 0.08635174344558176
  },
  "T01_Cooking Equipment" : {
    "transaction" : "T01_Cooking Equipment",
    "sampleCount" : 75,
    "errorCount" : 0,
    "errorPct" : 0.0,
    "meanResTime" : 564.3200000000002,
    "medianResTime" : 533.0,
    "minResTime" : 441.0,
    "maxResTime" : 1630.0,
    "pct1ResTime" : 691.0000000000001,
    "pct2ResTime" : 731.2,
    "pct3ResTime" : 1630.0,
    "throughput" : 0.08402551686896276,
    "receivedKBytesPerSec" : 6.805658773706399,
    "sentKBytesPerSec" : 0.08640514576466582
  },
  "webstaurantstore - 006 - /outlet.html?category=13421" : {
    "transaction" : "webstaurantstore - 006 - /outlet.html?category=13421",
    "sampleCount" : 75,
    "errorCount" : 0,
    "errorPct" : 0.0,
    "meanResTime" : 336.3066666666667,
    "medianResTime" : 320.0,
    "minResTime" : 256.0,
    "maxResTime" : 739.0,
    "pct1ResTime" : 471.6,
    "pct2ResTime" : 485.8,
    "pct3ResTime" : 739.0,
    "throughput" : 0.08399023025641657,
    "receivedKBytesPerSec" : 3.8534892621290293,
    "sentKBytesPerSec" : 0.08636885982422525
  },
  "webstaurantstore - 008 - /outlet.html?category=26885" : {
    "transaction" : "webstaurantstore - 008 - /outlet.html?category=26885",
    "sampleCount" : 75,
    "errorCount" : 0,
    "errorPct" : 0.0,
    "meanResTime" : 280.64000000000004,
    "medianResTime" : 271.0,
    "minResTime" : 218.0,
    "maxResTime" : 502.0,
    "pct1ResTime" : 384.40000000000003,
    "pct2ResTime" : 399.0,
    "pct3ResTime" : 502.0,
    "throughput" : 0.08401356314963487,
    "receivedKBytesPerSec" : 3.543631927688406,
    "sentKBytesPerSec" : 0.08639285351227102
  },
  "T15_Trash Cans and Recycling Bins" : {
    "transaction" : "T15_Trash Cans and Recycling Bins",
    "sampleCount" : 75,
    "errorCount" : 0,
    "errorPct" : 0.0,
    "meanResTime" : 286.5333333333334,
    "medianResTime" : 257.0,
    "minResTime" : 193.0,
    "maxResTime" : 2129.0,
    "pct1ResTime" : 369.8,
    "pct2ResTime" : 395.80000000000007,
    "pct3ResTime" : 2129.0,
    "throughput" : 0.08403672068547073,
    "receivedKBytesPerSec" : 3.1026630834109272,
    "sentKBytesPerSec" : 0.08009749940333928
  },
  "webstaurantstore - 004 - /outlet.html?category=13949" : {
    "transaction" : "webstaurantstore - 004 - /outlet.html?category=13949",
    "sampleCount" : 75,
    "errorCount" : 0,
    "errorPct" : 0.0,
    "meanResTime" : 407.82666666666677,
    "medianResTime" : 368.0,
    "minResTime" : 291.0,
    "maxResTime" : 2243.0,
    "pct1ResTime" : 537.4,
    "pct2ResTime" : 568.2,
    "pct3ResTime" : 2243.0,
    "throughput" : 0.08404594960156617,
    "receivedKBytesPerSec" : 4.485954748680198,
    "sentKBytesPerSec" : 0.08642615715864177
  },
  "webstaurantstore - 003 - /outlet.html?category=42715" : {
    "transaction" : "webstaurantstore - 003 - /outlet.html?category=42715",
    "sampleCount" : 75,
    "errorCount" : 0,
    "errorPct" : 0.0,
    "meanResTime" : 390.90666666666675,
    "medianResTime" : 374.0,
    "minResTime" : 291.0,
    "maxResTime" : 859.0,
    "pct1ResTime" : 513.0,
    "pct2ResTime" : 541.0,
    "pct3ResTime" : 859.0,
    "throughput" : 0.08394651599572879,
    "receivedKBytesPerSec" : 4.831137298304504,
    "sentKBytesPerSec" : 0.08632390756201408
  },
  "Total" : {
    "transaction" : "Total",
    "sampleCount" : 1200,
    "errorCount" : 0,
    "errorPct" : 0.0,
    "meanResTime" : 385.5525000000001,
    "medianResTime" : 335.5,
    "minResTime" : 193.0,
    "maxResTime" : 4773.0,
    "pct1ResTime" : 578.0,
    "pct2ResTime" : 722.9000000000001,
    "pct3ResTime" : 957.4800000000005,
    "throughput" : 1.336323728877733,
    "receivedKBytesPerSec" : 71.30859187949478,
    "sentKBytesPerSec" : 1.3041880142062348
  },
  "webstaurantstore - 009 - /outlet.html?category=65103" : {
    "transaction" : "webstaurantstore - 009 - /outlet.html?category=65103",
    "sampleCount" : 75,
    "errorCount" : 0,
    "errorPct" : 0.0,
    "meanResTime" : 304.1333333333332,
    "medianResTime" : 295.0,
    "minResTime" : 215.0,
    "maxResTime" : 567.0,
    "pct1ResTime" : 436.4,
    "pct2ResTime" : 458.4,
    "pct3ResTime" : 567.0,
    "throughput" : 0.08404491360182882,
    "receivedKBytesPerSec" : 3.614807847063471,
    "sentKBytesPerSec" : 0.08010530827674309
  },
  "webstaurantstore - 012 - /outlet.html?category=51953" : {
    "transaction" : "webstaurantstore - 012 - /outlet.html?category=51953",
    "sampleCount" : 75,
    "errorCount" : 0,
    "errorPct" : 0.0,
    "meanResTime" : 370.71999999999997,
    "medianResTime" : 343.0,
    "minResTime" : 268.0,
    "maxResTime" : 611.0,
    "pct1ResTime" : 498.4,
    "pct2ResTime" : 523.2,
    "pct3ResTime" : 611.0,
    "throughput" : 0.08404679725671255,
    "receivedKBytesPerSec" : 4.13245298106986,
    "sentKBytesPerSec" : 0.08010710363530414
  },
  "T08_Undercounter Refrigerators" : {
    "transaction" : "T08_Undercounter Refrigerators",
    "sampleCount" : 75,
    "errorCount" : 0,
    "errorPct" : 0.0,
    "meanResTime" : 280.64000000000004,
    "medianResTime" : 271.0,
    "minResTime" : 218.0,
    "maxResTime" : 502.0,
    "pct1ResTime" : 384.40000000000003,
    "pct2ResTime" : 399.0,
    "pct3ResTime" : 502.0,
    "throughput" : 0.0840136572601242,
    "receivedKBytesPerSec" : 3.5436358972014492,
    "sentKBytesPerSec" : 0.08639295028799882
  },
  "T12_Office Products" : {
    "transaction" : "T12_Office Products",
    "sampleCount" : 75,
    "errorCount" : 0,
    "errorPct" : 0.0,
    "meanResTime" : 370.71999999999997,
    "medianResTime" : 343.0,
    "minResTime" : 268.0,
    "maxResTime" : 611.0,
    "pct1ResTime" : 498.4,
    "pct2ResTime" : 523.2,
    "pct3ResTime" : 611.0,
    "throughput" : 0.08404679725671255,
    "receivedKBytesPerSec" : 4.13245298106986,
    "sentKBytesPerSec" : 0.08010710363530414
  },
  "webstaurantstore - 010 - /outlet.html?category=65513" : {
    "transaction" : "webstaurantstore - 010 - /outlet.html?category=65513",
    "sampleCount" : 75,
    "errorCount" : 0,
    "errorPct" : 0.0,
    "meanResTime" : 308.9066666666668,
    "medianResTime" : 306.0,
    "minResTime" : 249.0,
    "maxResTime" : 480.0,
    "pct1ResTime" : 356.4000000000001,
    "pct2ResTime" : 452.40000000000003,
    "pct3ResTime" : 480.0,
    "throughput" : 0.08399361648514714,
    "receivedKBytesPerSec" : 3.7404522881261024,
    "sentKBytesPerSec" : 0.08005641571240586
  },
  "webstaurantstore - 000 - /outlet.html (outlet)" : {
    "transaction" : "webstaurantstore - 000 - /outlet.html (outlet)",
    "sampleCount" : 75,
    "errorCount" : 0,
    "errorPct" : 0.0,
    "meanResTime" : 825.4133333333335,
    "medianResTime" : 747.0,
    "minResTime" : 622.0,
    "maxResTime" : 4773.0,
    "pct1ResTime" : 902.0,
    "pct2ResTime" : 1059.6000000000008,
    "pct3ResTime" : 4773.0,
    "throughput" : 0.08393993929463589,
    "receivedKBytesPerSec" : 9.063983288677285,
    "sentKBytesPerSec" : 0.060249858771052135
  }
}